ID,Tipo,SKU,"GTIN, UPC, EAN, or ISBN",Nombre,Publicado,"¿Está destacado?","Visibilidad en el catálogo","Descripción corta",Descripción,"Día en que empieza el precio rebajado","Día en que termina el precio rebajado","Estado del impuesto","Clase de impuesto","¿En inventario?",Inventario,"Cantidad de bajo inventario","¿Permitir reservas de productos agotados?","¿Vendido individualmente?","Peso (kg)","Longitud (mm)","Anchura (mm)","Altura (mm)","¿Permitir valoraciones de clientes?","Nota de compra","Precio rebajado","Precio normal",Categorías,Etiquetas,"Clase de envío",Imágenes,"Límite de descargas","Días de caducidad de la descarga",Superior,"Productos agrupados","Ventas dirigidas","Ventas cruzadas","URL externa","Texto del botón",Posición,Marcas,"Nombre del atributo 1","Valor(es) del atributo 1","Atributo visible 1","Atributo global 1","Nombre del atributo 2","Valor(es) del atributo 2","Atributo visible 2","Atributo global 2","Nombre del atributo 3","Valor(es) del atributo 3","Atributo visible 3","Atributo global 3","Nombre del atributo 4","Valor(es) del atributo 4","Atributo visible 4","Atributo global 4","Meta: _monsterinsights_sitenote_active","Meta: om_disable_all_campaigns","Meta: site-sidebar-layout","Meta: ast-site-content-layout","Meta: site-content-style","Meta: site-sidebar-style","Meta: theme-transparent-header-meta","Meta: _yoast_wpseo_primary_product_cat","Meta: _yoast_wpseo_estimated-reading-time-minutes","Meta: _yoast_wpseo_wordproof_timestamp","Meta: ekit_post_views_count","Meta: berocket_post_order","Meta: astra-migrate-meta-layouts","Meta: _yoast_wpseo_content_score","Nombre del atributo 5","Valor(es) del atributo 5","Atributo visible 5","Atributo global 5","Nombre del atributo 6","Valor(es) del atributo 6","Atributo visible 6","Atributo global 6","Meta: _yoast_wpseo_primary_product_brand"
1366,simple,,,"Boquillas de latón de 0.4 mm MK8",1,0,visible,,,,,taxable,,1,99,,0,0,,,,,0,,,4000,"Repuestos para impresoras 3D",,,"https://cesgar.com.co/wp-content/uploads/2024/04/boquilla-mk8-de-laton-de-04mm-para-impresora-3d.webp, https://cesgar.com.co/wp-content/uploads/2024/04/boquilla-impresion-3d-laton-04mm-mk8.webp",,,,,,,,,0,,Diametro,"0.4 mm\, lo que permite una extrusión precisa y detallada del filamento durante el proceso de impresión.",1,0,Material,"Estas boquillas están fabricadas en latón de alta calidad\, lo que garantiza una conductividad térmica eficiente y una larga vida útil.",1,0,Compatibilidad,"Son compatibles con una amplia gama de impresoras 3D MK8\, incluyendo modelos populares como la Ender 3\, la Prusa i3\, y la Creality CR-10.",1,0,Aplicación,"Ideales para proyectos que requieren una alta resolución y detalles finos en las impresiones 3D. Son adecuadas para imprimir una variedad de materiales\, como PLA\, ABS\, PETG\, entre otros.",1,0,0,,default,default,default,default,default,27,1,,879,0,set,,,,,,,,,,
1440,simple,,,"Boquillas de latón de 0.6 mm MK8",1,0,visible,,,,,taxable,,1,99,,0,0,,,,,0,,,4000,"Repuestos para impresoras 3D",,,"https://cesgar.com.co/wp-content/uploads/2024/04/boquilla-de-laton-de-06mm-para-impresora-3d.webp, https://cesgar.com.co/wp-content/uploads/2024/04/boquilla-laton-06-impresion-3d.webp",,,,,,,,,0,,Diametro,"0.6 mm\, permitiendo una extrusión de filamento más amplia y un flujo de material más rápido.",1,0,Material,"Estas boquillas están fabricadas en latón de alta calidad\, lo que garantiza una conductividad térmica eficiente y una larga vida útil.",1,0,Compatibilidad,"Son compatibles con una variedad de impresoras 3D MK8\, incluyendo modelos populares como la Ender 3\, la Prusa i3\, y la Creality CR-10. Son especialmente útiles para proyectos que requieren una impresión más rápida o capas más gruesas.",1,0,Aplicación,"Recomendadas para imprimir objetos donde la velocidad de impresión es prioritaria\, como prototipos rápidos o piezas con menos necesidad de detalles finos.",1,0,0,,default,default,default,default,default,27,1,,848,0,set,,,,,,,,,,
1519,simple,,,"Boquillas acero inoxidable 0.4 mm MK8",1,0,visible,,,,,taxable,,1,98,,0,0,,,,,0,,,10000,"Repuestos para impresoras 3D",,,"https://cesgar.com.co/wp-content/uploads/2024/04/boquilla-de-acero-inoxidable-mk8-con-un-diametro-de-04mm-para-impresora-3d.webp, https://cesgar.com.co/wp-content/uploads/2024/04/boquilla-acero-inoxidable-mk8-04.webp",,,,,,,,,0,,Diametro,"0.4 mm\, garantizando una extrusión precisa del filamento y una excelente calidad de impresión.",1,0,Material,"Fabricadas en acero inoxidable de alta calidad\, estas boquillas ofrecen una mayor resistencia a la corrosión y al desgaste en comparación con las de latón.",1,0,Compatibilidad,"Son compatibles con las impresoras 3D MK8\, incluyendo modelos populares como la Ender 3\, la Prusa i3\, y la Creality CR-10. Ofrecen una opción duradera y confiable para proyectos de impresión 3D.",1,0,Aplicación,"Perfectas para imprimir con una amplia gama de materiales\, incluyendo aquellos que pueden ser abrasivos o corrosivos\, como filamentos compuestos de fibra de carbono o filamentos que contienen materiales especiales como madera o metal. Son ideales para proyectos que requieren una alta resistencia y durabilidad en las piezas impresas.",1,0,0,,default,default,default,default,default,27,1,,929,0,set,,,,,,,,,,
1522,simple,,,"Racor de cobre diámetro 4mm PC4 - M6",1,0,visible,,"Este es el número de modelo del racor, identificando específicamente su diseño y tamaño para una fácil referencia y compatibilidad con otros componentes de la impresora 3D.\n\nDiseñado para su uso con tubos de PTFE de diámetro exterior de 4 mm, lo que los hace compatibles con una variedad de impresoras 3D que utilizan este tipo de tubo para guiar el filamento desde el extrusor hasta el hotend.\n\nSe adapta a tubos de PTFE utilizados para filamentos de 1.75 mm y 3 mm de diámetro, lo que proporciona versatilidad en su aplicación y compatibilidad con diferentes tamaños de filamento.",,,taxable,,1,97,,0,0,,,,,0,,,10000,"Repuestos para impresoras 3D",,,https://cesgar.com.co/wp-content/uploads/2024/04/conectores-neumaticos-pc4-m6-impresora-3d.png,,,,,,,,,0,,Diametro,"PC4-M6: 4 mm de diámetro\, asegurando un ajuste preciso y seguro con los tubos de PTFE compatibles.",1,0,"Material principal","Cobre: Este material ofrece una combinación de resistencia\, durabilidad y bajo coeficiente de fricción\, lo que garantiza un funcionamiento suave y confiable del sistema de extrusión.
El cobre proporciona conductividad térmica para una transferencia eficiente de calor desde el disipador de calor hasta el hotend.",1,0,Compatibilidad,"La rosca tiene un diámetro de 6 mm\, lo que permite una fácil instalación en los puntos de conexión correspondientes en la impresora 3D.",1,0,,,,,0,,default,default,default,default,default,27,1,,839,0,set,90,,,,,,,,,
1595,simple,,,"Racor de cobre diámetro 4mm PC4-M6",1,0,visible,,"Este es el número de modelo del racor, identificando específicamente su diseño y tamaño para una fácil referencia y compatibilidad con otros componentes de la impresora 3D.\n\nDiseñado para su uso con tubos de PTFE de diámetro exterior de 4 mm, lo que los hace compatibles con una variedad de impresoras 3D que utilizan este tipo de tubo para guiar el filamento desde el extrusor hasta el hotend.\n\nSe adapta a tubos de PTFE utilizados para filamentos de 1.75 mm y 3 mm de diámetro, lo que proporciona versatilidad en su aplicación y compatibilidad con diferentes tamaños de filamento.\n",,,taxable,,1,99,,0,0,,,,,0,,,7000,"Repuestos para impresoras 3D",,,"https://cesgar.com.co/wp-content/uploads/2024/04/racor-pc4-impresora-3d.webp, https://cesgar.com.co/wp-content/uploads/2024/04/racor-pc4-m6-2.webp",,,,,,,,,0,,Diametro,"PC4-M6: 4 mm de diámetro\, asegurando un ajuste preciso y seguro con los tubos de PTFE compatibles.",1,0,Rosca:,"La rosca tiene un diámetro de 6 mm\, lo que permite una fácil instalación en los puntos de conexión correspondientes en la impresora 3D.",1,0,"Material principal","Cobre: Este material ofrece una combinación de resistencia\, durabilidad y bajo coeficiente de fricción\, lo que garantiza un funcionamiento suave y confiable del sistema de extrusión.
El cobre proporciona conductividad térmica para una transferencia eficiente de calor desde el disipador de calor hasta el hotend.",1,0,,,,,0,,default,default,default,default,default,27,1,,704,0,set,90,,,,,,,,,
1755,simple,,,"Racor de cobre diámetro 4mm PC4-01",1,0,visible,,"Este es el número de modelo del racor, que identifica su diseño y tamaño específicos para una fácil referencia y compatibilidad con otros componentes de la impresora 3D.\n\nDiseñado para su uso con tubos de PTFE de 4 mm de diámetro exterior, asegurando una conexión precisa y segura con este tipo de tubo utilizado en sistemas de extrusión de impresoras 3D.\n",,,taxable,,1,99,,0,0,,,,,0,,,8000,"Repuestos para impresoras 3D",,,"https://cesgar.com.co/wp-content/uploads/2024/04/racor-pc4-m10-para-tubo-ptfe-en-impresora-3d.webp, https://cesgar.com.co/wp-content/uploads/2024/04/racor-pc4-01-2.webp",,,,,,,,,0,,Diametro,"PC4-01: 4 mm de diámetro\, lo que indica el tamaño del orificio interno del racor. Este tamaño de diámetro es crucial para garantizar un flujo de filamento suave y sin obstrucciones a través del racor.",1,0,Rosca,"La rosca tiene un diámetro de 4 mm\, lo que permite una fácil instalación en los puntos de conexión correspondientes en la impresora 3D.",1,0,"Material principal","Cobre: Este material ofrece una combinación de resistencia\, durabilidad y bajo coeficiente de fricción\, lo que garantiza un funcionamiento suave y confiable del sistema de extrusión.
El cobre proporciona conductividad térmica para una transferencia eficiente de calor desde el disipador de calor hasta el hotend.",1,0,,,,,0,,default,default,default,default,default,27,1,,725,0,set,90,,,,,,,,,
1761,simple,,,"Resorte de acero recubrimiento de zinc X 4u",1,0,visible,,,,,taxable,,1,,,0,0,,,,,0,,,11000,"Repuestos para impresoras 3D",,,"https://cesgar.com.co/wp-content/uploads/2024/04/resorte-cama-impresion-acero-inoxidable.webp, https://cesgar.com.co/wp-content/uploads/2024/04/resorte-de-acero-inoxidable-para-la-cama-de-impresion-de-una-impresora-3d.webp",,,,,,,,,0,,Diametro,"Diámetro exterior de 8 mm\, diámetro interior de 5 mm y longitud de 20 mm\, diseñados específicamente para proporcionar una tensión adecuada en la cama de la impresora 3D.",1,0,Color,"Azul\, facilitando la identificación visual y coordinación con otros componentes de la impresora.",1,0,Material,"Acero con recubrimiento de zinc\, proporcionando resistencia y durabilidad para resistir las tensiones y el calor asociados con la impresión 3D.",1,0,Compatibilidad,"Estos resortes son compatibles con una amplia variedad de impresoras 3D que utilizan métodos de nivelación manual o asistida. Se adaptan a modelos como la Ender 3\, la Prusa i3\, la Creality CR-10\, entre otras\, proporcionando un ajuste preciso y fiable de la cama de impresión.",1,0,0,,default,default,default,default,default,27,1,,708,,set,,Función,"Los resortes de nivelación ayudan a mantener la cama de la impresora nivelada y estable durante el proceso de impresión\, lo que es crucial para obtener resultados de impresión de alta calidad y evitar problemas como la falta de adherencia o la deformación de las capas.",1,0,,,,,
1767,simple,,,"Resorte cama impresión acero inoxidable X 4u",1,0,visible,,,,,taxable,,1,,,0,0,,,,,0,,,6000,"Repuestos para impresoras 3D",,,"https://cesgar.com.co/wp-content/uploads/2024/04/resorte-cama-de-impresion-acero-inoxidable-x-4-und.webp, https://cesgar.com.co/wp-content/uploads/2024/04/resorte-cama-de-impresion-acero-inoxidable-x-4-und-2.webp",,,,,,,,,0,,Material,"Fabricados en acero inoxidable\, estos resortes ofrecen resistencia a la corrosión y durabilidad\, asegurando un rendimiento confiable y una larga vida útil en entornos de impresión 3D.",1,0,Medidas,"Diámetro del alambre del resorte: 1.2 mm
Diámetro exterior: 7.5 mm
Diámetro interior: 5 mm
Longitud: 20 mm",1,0,Aplicaciones,"Nivelación de la cama de impresión: Estos resortes son adecuados para su uso en sistemas de nivelación de la cama de impresión en impresoras 3D FDM. Proporcionan el soporte necesario para ajustar la altura de la cama de manera precisa y uniforme\, lo que resulta en una mejor adhesión y calidad de impresión.
Componentes de ajuste: También se pueden utilizar en otros componentes de la impresora 3D que requieran ajuste o compresión\, como el sistema de extrusión\, el sistema de guiado del filamento\, o los mecanismos de sujeción de piezas móviles.
Amplia compatibilidad: Gracias a sus medidas estándar y su construcción robusta\, estos resortes son compatibles con una amplia gama de impresoras 3D FDM\, incluyendo modelos populares como la Ender 3\, la Prusa i3\, y la Creality CR-10\, entre otros.",1,0,,,,,0,,default,default,default,default,default,27,1,,937,,set,,,,,,,,,,
1779,simple,,,"Resistencia calefactora 12v X 2m",1,0,visible,,,,,taxable,,1,,,0,0,,,,,0,,,10000,"Repuestos para impresoras 3D",,,"https://cesgar.com.co/wp-content/uploads/2024/04/resistencia-calefactora-12v.webp, https://cesgar.com.co/wp-content/uploads/2024/04/resistencia-calefactora-12v.png",,,,,,,,,0,,"Voltaje de entrada","12VDC\, adecuado para sistemas de alimentación de 12 voltios comúnmente utilizados en impresoras 3D.",1,0,Diámetro,"Aproximadamente 2m\, permitiendo una conexión conveniente a la fuente de alimentación de la impresora.",1,0,"Consumo de corriente",": La resistencia mantiene la temperatura constante con un consumo de corriente inicial de aproximadamente 600mA y luego se estabiliza en alrededor de 350mA una vez que alcanza la temperatura máxima.",1,0,,,,,0,,default,default,default,default,default,27,1,,1060,,set,,,,,,,,,,
1813,simple,,,"Resistencia calefactora 24 V X 4mm",1,0,visible,,,,,taxable,,1,,,0,0,,,,,0,,,12000,"Repuestos para impresoras 3D",,,"https://cesgar.com.co/wp-content/uploads/2024/04/resistencia-calefactora-24v.webp, https://cesgar.com.co/wp-content/uploads/2024/04/resistencia-calefactora-disenada-para-operar-con-un-voltaje-de-24v.webp",,,,,,,,,0,,Voltaje,"24V\, diseñada específicamente para operar con sistemas de 24 voltios comúnmente utilizados en impresoras 3D.",1,0,"Tamaño de la barra del calentador","φ6 x 21mm\, con una potencia de 40 W",1,0,"Longitud del cable con terminal","Aproximadamente 40mm\, proporcionando una longitud adecuada para la conexión en impresoras 3D",1,0,Compatibilidad,"Compatible con la impresora 3D Creality CR6 SE/CR-6 MAX/CR-5 Pro. También puede ser utilizado en otras impresoras 3D\, pero se recomienda prestar atención a la longitud y el tipo de terminal al utilizarlo en otros modelos de impresoras 3D",1,0,0,,default,default,default,default,default,27,1,,766,,set,,,,,,,,,,
1823,simple,,,"Termistor 1% 45mW -40°C a +300°C",1,0,visible,,,,,taxable,,1,,,0,0,,,,,0,,,8000,"Repuestos para impresoras 3D",,,"https://cesgar.com.co/wp-content/uploads/2024/04/termistor.webp, https://cesgar.com.co/wp-content/uploads/2024/04/termistor-2.webp",,,,,,,,,0,,"Precisión B","Este termistor ofrece una precisión del 1%\, lo que garantiza mediciones confiables y precisas de la temperatura en aplicaciones de impresión 3D.",1,0,"Rango de temperatura","El termistor puede medir temperaturas en un rango amplio\, desde -40°C hasta +300°C\, lo que lo hace adecuado para una variedad de aplicaciones de impresión 3D\, desde el PLA estándar hasta materiales más exigentes como el ABS y el PETG.",1,0,"Potencia nominal máxima","45 mW\, Este parámetro indica la potencia máxima que puede disipar el termistor de manera segura\, asegurando su funcionamiento estable y confiable incluso en condiciones de alta temperatura.",1,0,"Coeficiente de temperatura de resistencia","El coeficiente de temperatura de resistencia determina cómo cambia la resistencia del termistor con respecto a la temperatura. Con un valor entre -2% y -5% por °C\, este termistor proporciona mediciones sensibles y precisas en una amplia gama de temperaturas.",1,0,0,,default,default,default,default,default,27,1,,629,,set,,,,,,,,,,
1829,simple,,,"Ventilador 24V X 40mm X 40mm X 10mm",1,0,visible,,,,,taxable,,1,,,0,0,,,,,0,,,9000,"Repuestos para impresoras 3D",,,"https://cesgar.com.co/wp-content/uploads/2024/04/ventilador-refrigeracion-axial-24v-30mm-impresora-3d.webp, https://cesgar.com.co/wp-content/uploads/2024/04/ventilador-de-refrigeracion-axial-de-24v-y-30x30x10mm-comunmente-usado-en-hotends-o-para-refrigerar-componentes-electronicos-de-impresoras-3d.webp, https://cesgar.com.co/wp-content/uploads/2024/04/ventilador-24v-3.webp",,,,,,,,,0,,"Voltaje de alimentación","24V DC\, diseñado para funcionar con sistemas de 24 voltios comúnmente utilizados en impresoras 3D y específicamente adecuado para el extrusor E3D.",1,0,"Corriente de trabajo","80 ± 10% mA\, garantizando un consumo eléctrico eficiente y adecuado para su uso prolongado sin sobrecargar el sistema.",1,0,Velocidad,"7000±10% RPM\, proporcionando una velocidad óptima para mantener refrigerado el cuerpo del disipador del extrusor E3D y evitar el sobrecalentamiento durante la impresión.",1,0,"Flujo de aire","3.45CFM\, asegurando un flujo de aire adecuado para una refrigeración efectiva del extrusor\, manteniendo una temperatura óptima para un rendimiento óptimo.
Número de aspas: 9\, diseñadas para maximizar el flujo de aire y la eficiencia de refrigeración.",1,0,0,,default,default,default,default,default,27,0,,937,,set,,Dimensiones,"40mmx40mmx10mm\, con dimensiones que encajan sin problemas en el cuerpo del disipador del extrusor E3D\, asegurando una instalación sencilla y un ajuste adecuado.",1,0,,,,,
1835,simple,,,"Ventilador de refrigeracion 24V 30mm x 30mm x 10mm",1,0,visible,,,,,taxable,,1,,,0,0,,,,,0,,,20000,"Repuestos para impresoras 3D",,,"https://cesgar.com.co/wp-content/uploads/2024/04/ventilador-refrigeracion-axial-24v-30mm-impresora-3d-x-10mm.webp, https://cesgar.com.co/wp-content/uploads/2024/04/ventilador-de-refrigeracion-24v-30mm-x-30mm-x-10mm-2.webp, https://cesgar.com.co/wp-content/uploads/2024/04/ventilador-de-refrigeracion-24v-30mm-x-30mm-x-10mm-3.webp",,,,,,,,,0,,"Voltaje de alimentación","24V DC\, La solución perfecta para un enfriamiento eficiente y un resultado de impresión suave.",1,0,Material,"Hecho de material ABS de alta calidad\, estos ventiladores son duraderos y confiables\, lo que garantiza un rendimiento estable y un funcionamiento bajo en ruido.",1,0,"Corriente de trabajo","80 ± 10% mA\, garantizando un consumo eléctrico eficiente y adecuado para su uso prolongado sin sobrecargar el sistema.",1,0,Velocidad,"7000±10% RPM\, proporcionando una velocidad óptima para mantener refrigerado el cuerpo del disipador del extrusor E3D y evitar el sobrecalentamiento durante la impresión.",1,0,0,,default,default,default,default,default,27,1,,793,,set,,"Flujo de aire","3.45CFM\, asegurando un flujo de aire adecuado para una refrigeración efectiva del extrusor\, manteniendo una temperatura óptima para un rendimiento óptimo.",1,0,Dimensiones,"30mm x 30mm x 10mm\, con dimensiones que encajan sin problemas en el cuerpo del disipador del extrusor E3D\, asegurando una instalación sencilla y un ajuste adecuado.",1,0,
1839,simple,,,"Modulo TL-Smoother reduce la vibración y el ruido",1,0,visible,,"Menor vibración, menor ruido, resultados más suaves: El TL-Smoother reduce la vibración y el ruido, lo que resulta en una impresión más suave y de mayor calidad.",,,taxable,,1,,,0,0,,,,,0,,,11000,"Repuestos para impresoras 3D",,,"https://cesgar.com.co/wp-content/uploads/2024/04/modulo-tl-smoother-controlador-paso-impresora-3d.webp, https://cesgar.com.co/wp-content/uploads/2024/04/modulo-tl-smoother-2-impresora-3d-eliminador-patron.webp, https://cesgar.com.co/wp-content/uploads/2024/04/modulo-tl-smoother-v1-impresora-3d-reductor-ruido.webp",,,,,,,,,0,,Compatibilidad,"Compatible con todos los tipos de impresoras 3D FDM\, proporcionando una mejora significativa en el rendimiento.",1,0,Función,"Este módulo es un complemento para los controladores de motores paso a paso de impresoras 3D. Proporciona un movimiento más suave\, especialmente en impresoras delta con controladores de motor DVR8825 y A4988/2.",1,0,Protección,"El módulo incluye diodos de retorno (diodos de rueda libre) para las salidas de los motores\, protegiéndolos contra voltajes de inducción en el estado sin alimentación del controlador.",1,0,,,,,0,,default,default,default,default,default,27,1,,767,,set,90,,,,,,,,,
1843,simple,,,"Bloque calefactor Creality 20 x 20 x 10 mm",1,0,visible,,,,,taxable,,1,,,0,0,,,,,0,,,14000,"Repuestos para impresoras 3D",,,"https://cesgar.com.co/wp-content/uploads/2024/04/bloque-calefactor-hotend-creality-impresora-3d.webp, https://cesgar.com.co/wp-content/uploads/2024/04/un-bloque-calefactor-metalico-tipicamente-de-aluminio-para-el-hotend-de-impresoras-3d-creality.webp",,,,,,,,,0,,"Compatibilidad con modelos de impresoras Creality","Ender 3\, Ender 3 Pro\, Ender 3 V2\, Ender 3 Max\, Ender 5\, Ender 5S\, Ender 5 Pro\, Ender 5 Plus\, Ender 6\, CR-10\, CR-10S\, CR-10 V2\, CR-10 V3\, CR-10 S4\, CR-10 S5\, CR-30\, CR-10 Mini

Este bloque calefactor es compatible con una amplia gama de modelos de impresoras Creality\, lo que garantiza su versatilidad y adaptabilidad a diferentes configuraciones de impresoras 3D.",1,0,Peso,"Con un peso de 0\,1 kg\, este bloque calefactor es liviano y fácil de manejar durante la instalación y el mantenimiento de la impresora 3D.
Dimensiones: 20 x 20 x 10 mm",1,0,Dimensiones,"Con dimensiones compactas de 20 x 20 x 10 mm\, este bloque calefactor se integra fácilmente en el diseño de la impresora 3D sin ocupar demasiado espacio\, asegurando un ajuste adecuado y una distribución uniforme del calor.",1,0,,,,,0,,default,default,default,default,default,27,1,,751,,set,,,,,,,,,,
1846,simple,,,"Protector Silicona Hotend Impresora 3d Creality",1,0,visible,,,,,taxable,,1,,,0,0,,,,,0,,,10000,"Repuestos para impresoras 3D",,,"https://cesgar.com.co/wp-content/uploads/2024/04/protector-silicona-hotend-impresora-3d-bloque-calor.webp, https://cesgar.com.co/wp-content/uploads/2024/04/un-protector-o-calcetin-de-silicona-para-bloque-de-calor-de-hotend-de-impresora-3d-de-color-negro-o-azul.webp",,,,,,,,,0,,"Temperatura hasta 280°C","Este manguito protector de silicona está diseñado para soportar temperaturas de hasta 280°C\, lo que lo hace adecuado para su uso con bloques calefactores de aluminio V6 que operan a altas temperaturas durante la impresión 3D.",1,0,Material,"Fabricado en silicona de alta calidad\, este manguito protector proporciona una excelente resistencia al calor y aislamiento térmico\, protegiendo el bloque calefactor y otros componentes cercanos de posibles daños por calor durante el proceso de impresión.",1,0,"Tamaño detallado del producto","Con dimensiones de 26 x 19 x 14 mm\, este manguito protector tiene un tamaño compacto que se adapta perfectamente al bloque calefactor de aluminio V6\, garantizando un ajuste preciso y una cobertura completa para una protección efectiva.",1,0,,,,,0,,default,default,default,default,default,27,1,,778,,set,,,,,,,,,,
1968,simple,,,"Microbroca de carburo de tungsteno para PCB, de 0,6mm X 7mm. Modelo Q1I0.",1,0,visible,"Microbroca de carburo de tungsteno de alta precisión, diseñada para perforar PCB y otros trabajos electrónicos. Con tamaños de 0,6mm X 7mm, esta broca ofrece gran resistencia al desgaste y una perforación suave gracias a su borde de corte afilado y simétrico. Ideal para aplicaciones industriales que requieren precisión y eficiencia.","Caracteristicas\n<ul>\n 	<li>Fabricadas en carburo de tungsteno, un material de alta dureza y resistencia al desgaste, lo que las hace difíciles de doblar o romper.</li>\n 	<li>Eficiente eliminación de virutas para perforaciones suaves y precisas.</li>\n 	<li>Borde de corte afilado que reduce la fuerza de corte y mejora la calidad de la perforación.</li>\n 	<li>Corte simétrico que asegura alta eficiencia y previene desviaciones durante el trabajo.</li>\n 	<li>Adecuadas para PCB, SMT, moldes, y otras aplicaciones en la industria electrónica y de hardware.</li>\n 	<li>Varios tamaños incluidos para diferentes necesidades de perforación.</li>\n</ul>\nEspecificaciones:\n<ul>\n 	<li>Producto completamente nuevo y de excelente calidad.</li>\n 	<li>Material: Carburo de tungsteno + HSS.</li>\n 	<li>Tamaños: 0,6mm X 7mm</li>\n 	<li>Diámetro del mango: 3.175 mm.</li>\n 	<li>Cantidad: 1 pieza.</li>\n</ul>\nNota:\n<ul>\n 	<li>La medición manual puede generar pequeños errores.</li>\n 	<li>Los colores mostrados pueden variar según la configuración de la pantalla.</li>\n</ul>",,,taxable,,1,,,0,0,,,,,0,,,5000,"Repuestos para CNC",,,"https://cesgar.com.co/wp-content/uploads/2024/10/set-de-10-brocas-de-micro-carburo-de-01mm-a-10mm-ideal-para-perforacion-de-precision-en-pcb-y-otros-materiales.avif, https://cesgar.com.co/wp-content/uploads/2024/10/set-de-10-brocas-de-micro-carburo-de-01mm-a-10mm-ideal-para-perforacion-de-precision-en-pcb-y-otros-materiales.avif, https://cesgar.com.co/wp-content/uploads/2024/10/set-brocas-micro-carburo-0-1mm-perforacion-precision.png, https://cesgar.com.co/wp-content/uploads/2024/10/set-brocas-micro-carburo-0-1-mm-preforacion-precision.png",,,,,,,,,0,,"Temperatura hasta 280°C","Este manguito protector de silicona está diseñado para soportar temperaturas de hasta 280°C\, lo que lo hace adecuado para su uso con bloques calefactores de aluminio V6 que operan a altas temperaturas durante la impresión 3D.",1,0,Material,"Fabricado en silicona de alta calidad\, este manguito protector proporciona una excelente resistencia al calor y aislamiento térmico\, protegiendo el bloque calefactor y otros componentes cercanos de posibles daños por calor durante el proceso de impresión.",1,0,"Tamaño detallado del producto","Con dimensiones de 26 x 19 x 14 mm\, este manguito protector tiene un tamaño compacto que se adapta perfectamente al bloque calefactor de aluminio V6\, garantizando un ajuste preciso y una cobertura completa para una protección efectiva.",1,0,,,,,0,,default,default,default,default,default,28,1,,362,,set,90,,,,,,,,,
1970,simple,,,"Microbroca de carburo de tungsteno para PCB, de 0,7mm X 9,5mm. Modelo Q1I0.",1,0,visible,"Microbroca de carburo de tungsteno de alta precisión, diseñada para perforar PCB y otros trabajos electrónicos. Con tamaños de 0,7mm X 9,5mm, esta broca ofrece gran resistencia al desgaste y una perforación suave gracias a su borde de corte afilado y simétrico. Ideal para aplicaciones industriales que requieren precisión y eficiencia.","Caracteristicas\n<ul>\n 	<li>Fabricadas en carburo de tungsteno, un material de alta dureza y resistencia al desgaste, lo que las hace difíciles de doblar o romper.</li>\n 	<li>Eficiente eliminación de virutas para perforaciones suaves y precisas.</li>\n 	<li>Borde de corte afilado que reduce la fuerza de corte y mejora la calidad de la perforación.</li>\n 	<li>Corte simétrico que asegura alta eficiencia y previene desviaciones durante el trabajo.</li>\n 	<li>Adecuadas para PCB, SMT, moldes, y otras aplicaciones en la industria electrónica y de hardware.</li>\n 	<li>Varios tamaños incluidos para diferentes necesidades de perforación.</li>\n</ul>\nEspecificaciones:\n<ul>\n 	<li>Producto completamente nuevo y de excelente calidad.</li>\n 	<li>Material: Carburo de tungsteno + HSS.</li>\n 	<li>Tamaños: 0,7mm X 9,5mm</li>\n 	<li>Diámetro del mango: 3.175 mm.</li>\n 	<li>Cantidad: 1 pieza.</li>\n</ul>\nNota:\n<ul>\n 	<li>La medición manual puede generar pequeños errores.</li>\n 	<li>Los colores mostrados pueden variar según la configuración de la pantalla.</li>\n</ul>",,,taxable,,1,,,0,0,,,,,0,,,5000,"Repuestos para CNC",,,"https://cesgar.com.co/wp-content/uploads/2024/10/set-de-10-brocas-de-micro-carburo-de-01mm-a-10mm-ideal-para-perforacion-de-precision-en-pcb-y-otros-materiales.avif, https://cesgar.com.co/wp-content/uploads/2024/10/set-de-10-brocas-de-micro-carburo-de-01mm-a-10mm-ideal-para-perforacion-de-precision-en-pcb-y-otros-materiales.avif, https://cesgar.com.co/wp-content/uploads/2024/10/set-brocas-micro-carburo-0-1-mm-preforacion-precision.png, https://cesgar.com.co/wp-content/uploads/2024/10/set-brocas-micro-carburo-0-1mm-perforacion-precision.png",,,,,,,,,0,,"Temperatura hasta 280°C","Este manguito protector de silicona está diseñado para soportar temperaturas de hasta 280°C\, lo que lo hace adecuado para su uso con bloques calefactores de aluminio V6 que operan a altas temperaturas durante la impresión 3D.",1,0,Material,"Fabricado en silicona de alta calidad\, este manguito protector proporciona una excelente resistencia al calor y aislamiento térmico\, protegiendo el bloque calefactor y otros componentes cercanos de posibles daños por calor durante el proceso de impresión.",1,0,"Tamaño detallado del producto","Con dimensiones de 26 x 19 x 14 mm\, este manguito protector tiene un tamaño compacto que se adapta perfectamente al bloque calefactor de aluminio V6\, garantizando un ajuste preciso y una cobertura completa para una protección efectiva.",1,0,,,,,0,,default,default,default,default,default,28,1,,381,,set,90,,,,,,,,,
1971,simple,,,"Microbroca de carburo de tungsteno para PCB, de 0,8mm X 10mm. Modelo Q1I0.",1,0,visible,"Microbroca de carburo de tungsteno de alta precisión, diseñada para perforar PCB y otros trabajos electrónicos. Con tamaños de 0,8mm X 10mm, esta broca ofrece gran resistencia al desgaste y una perforación suave gracias a su borde de corte afilado y simétrico. Ideal para aplicaciones industriales que requieren precisión y eficiencia.","Caracteristicas\n<ul>\n 	<li>Fabricadas en carburo de tungsteno, un material de alta dureza y resistencia al desgaste, lo que las hace difíciles de doblar o romper.</li>\n 	<li>Eficiente eliminación de virutas para perforaciones suaves y precisas.</li>\n 	<li>Borde de corte afilado que reduce la fuerza de corte y mejora la calidad de la perforación.</li>\n 	<li>Corte simétrico que asegura alta eficiencia y previene desviaciones durante el trabajo.</li>\n 	<li>Adecuadas para PCB, SMT, moldes, y otras aplicaciones en la industria electrónica y de hardware.</li>\n 	<li>Varios tamaños incluidos para diferentes necesidades de perforación.</li>\n</ul>\nEspecificaciones:\n<ul>\n 	<li>Producto completamente nuevo y de excelente calidad.</li>\n 	<li>Material: Carburo de tungsteno + HSS.</li>\n 	<li>Tamaños: 0,8mm X 10mm</li>\n 	<li>Diámetro del mango: 3.175 mm.</li>\n 	<li>Cantidad: 1 pieza.</li>\n</ul>\nNota:\n<ul>\n 	<li>La medición manual puede generar pequeños errores.</li>\n 	<li>Los colores mostrados pueden variar según la configuración de la pantalla.</li>\n</ul>",,,taxable,,1,,,0,0,,,,,0,,,5000,"Repuestos para CNC",,,"https://cesgar.com.co/wp-content/uploads/2024/10/set-de-10-brocas-de-micro-carburo-de-01mm-a-10mm-ideal-para-perforacion-de-precision-en-pcb-y-otros-materiales.avif, https://cesgar.com.co/wp-content/uploads/2024/10/set-de-10-brocas-de-micro-carburo-de-01mm-a-10mm-ideal-para-perforacion-de-precision-en-pcb-y-otros-materiales.avif, https://cesgar.com.co/wp-content/uploads/2024/10/set-brocas-micro-carburo-0-1mm-perforacion-precision.png, https://cesgar.com.co/wp-content/uploads/2024/10/set-brocas-micro-carburo-0-1-mm-preforacion-precision.png",,,,,,,,,0,,"Temperatura hasta 280°C","Este manguito protector de silicona está diseñado para soportar temperaturas de hasta 280°C\, lo que lo hace adecuado para su uso con bloques calefactores de aluminio V6 que operan a altas temperaturas durante la impresión 3D.",1,0,Material,"Fabricado en silicona de alta calidad\, este manguito protector proporciona una excelente resistencia al calor y aislamiento térmico\, protegiendo el bloque calefactor y otros componentes cercanos de posibles daños por calor durante el proceso de impresión.",1,0,"Tamaño detallado del producto","Con dimensiones de 26 x 19 x 14 mm\, este manguito protector tiene un tamaño compacto que se adapta perfectamente al bloque calefactor de aluminio V6\, garantizando un ajuste preciso y una cobertura completa para una protección efectiva.",1,0,,,,,0,,default,default,default,default,default,28,1,,391,,set,90,,,,,,,,,
1975,simple,,,"Microbroca de carburo de tungsteno para PCB, de 0,9mm X 8,5mm. Modelo Q1I0.",1,0,visible,"Microbroca de carburo de tungsteno de alta precisión, diseñada para perforar PCB y otros trabajos electrónicos. Con tamaños de 0,9mm X 8,5mm, esta broca ofrece gran resistencia al desgaste y una perforación suave gracias a su borde de corte afilado y simétrico. Ideal para aplicaciones industriales que requieren precisión y eficiencia.","Caracteristicas\n<ul>\n 	<li>Fabricadas en carburo de tungsteno, un material de alta dureza y resistencia al desgaste, lo que las hace difíciles de doblar o romper.</li>\n 	<li>Eficiente eliminación de virutas para perforaciones suaves y precisas.</li>\n 	<li>Borde de corte afilado que reduce la fuerza de corte y mejora la calidad de la perforación.</li>\n 	<li>Corte simétrico que asegura alta eficiencia y previene desviaciones durante el trabajo.</li>\n 	<li>Adecuadas para PCB, SMT, moldes, y otras aplicaciones en la industria electrónica y de hardware.</li>\n 	<li>Varios tamaños incluidos para diferentes necesidades de perforación.</li>\n</ul>\nEspecificaciones:\n<ul>\n 	<li>Producto completamente nuevo y de excelente calidad.</li>\n 	<li>Material: Carburo de tungsteno + HSS.</li>\n 	<li>Tamaños: 0,9mm X 8,5mm</li>\n 	<li>Diámetro del mango: 3.175 mm.</li>\n 	<li>Cantidad: 1 pieza.</li>\n</ul>\nNota:\n<ul>\n 	<li>La medición manual puede generar pequeños errores.</li>\n 	<li>Los colores mostrados pueden variar según la configuración de la pantalla.</li>\n</ul>",,,taxable,,1,,,0,0,,,,,0,,,5000,"Repuestos para CNC",,,"https://cesgar.com.co/wp-content/uploads/2024/10/set-de-10-brocas-de-micro-carburo-de-01mm-a-10mm-ideal-para-perforacion-de-precision-en-pcb-y-otros-materiales.avif, https://cesgar.com.co/wp-content/uploads/2024/10/set-de-10-brocas-de-micro-carburo-de-01mm-a-10mm-ideal-para-perforacion-de-precision-en-pcb-y-otros-materiales.avif, https://cesgar.com.co/wp-content/uploads/2024/10/set-brocas-micro-carburo-0-1mm-perforacion-precision.png, https://cesgar.com.co/wp-content/uploads/2024/10/set-brocas-micro-carburo-0-1-mm-preforacion-precision.png",,,,,,,,,0,,"Temperatura hasta 280°C","Este manguito protector de silicona está diseñado para soportar temperaturas de hasta 280°C\, lo que lo hace adecuado para su uso con bloques calefactores de aluminio V6 que operan a altas temperaturas durante la impresión 3D.",1,0,Material,"Fabricado en silicona de alta calidad\, este manguito protector proporciona una excelente resistencia al calor y aislamiento térmico\, protegiendo el bloque calefactor y otros componentes cercanos de posibles daños por calor durante el proceso de impresión.",1,0,"Tamaño detallado del producto","Con dimensiones de 26 x 19 x 14 mm\, este manguito protector tiene un tamaño compacto que se adapta perfectamente al bloque calefactor de aluminio V6\, garantizando un ajuste preciso y una cobertura completa para una protección efectiva.",1,0,,,,,0,,default,default,default,default,default,28,1,,413,,set,90,,,,,,,,,
1976,simple,,,"Microbroca de carburo de tungsteno para PCB, de 1,0mm X 9,5mm. Modelo Q1I0.",1,0,visible,"Microbroca de carburo de tungsteno de alta precisión, diseñada para perforar PCB y otros trabajos electrónicos. Con tamaños de 1,0mm X 9,5mm, esta broca ofrece gran resistencia al desgaste y una perforación suave gracias a su borde de corte afilado y simétrico. Ideal para aplicaciones industriales que requieren precisión y eficiencia.","Caracteristicas\n<ul>\n 	<li>Fabricadas en carburo de tungsteno, un material de alta dureza y resistencia al desgaste, lo que las hace difíciles de doblar o romper.</li>\n 	<li>Eficiente eliminación de virutas para perforaciones suaves y precisas.</li>\n 	<li>Borde de corte afilado que reduce la fuerza de corte y mejora la calidad de la perforación.</li>\n 	<li>Corte simétrico que asegura alta eficiencia y previene desviaciones durante el trabajo.</li>\n 	<li>Adecuadas para PCB, SMT, moldes, y otras aplicaciones en la industria electrónica y de hardware.</li>\n 	<li>Varios tamaños incluidos para diferentes necesidades de perforación.</li>\n</ul>\nEspecificaciones:\n<ul>\n 	<li>Producto completamente nuevo y de excelente calidad.</li>\n 	<li>Material: Carburo de tungsteno + HSS.</li>\n 	<li>Tamaños: 1,0mm X 9,5mm</li>\n 	<li>Diámetro del mango: 3.175 mm.</li>\n 	<li>Cantidad: 1 pieza.</li>\n</ul>\nNota:\n<ul>\n 	<li>La medición manual puede generar pequeños errores.</li>\n 	<li>Los colores mostrados pueden variar según la configuración de la pantalla.</li>\n</ul>",,,taxable,,1,,,0,0,,,,,0,,,5000,"Repuestos para CNC",,,"https://cesgar.com.co/wp-content/uploads/2024/10/set-de-10-brocas-de-micro-carburo-de-01mm-a-10mm-ideal-para-perforacion-de-precision-en-pcb-y-otros-materiales.avif, https://cesgar.com.co/wp-content/uploads/2024/10/set-de-10-brocas-de-micro-carburo-de-01mm-a-10mm-ideal-para-perforacion-de-precision-en-pcb-y-otros-materiales.avif, https://cesgar.com.co/wp-content/uploads/2024/10/set-brocas-micro-carburo-0-1mm-perforacion-precision.png, https://cesgar.com.co/wp-content/uploads/2024/10/set-brocas-micro-carburo-0-1-mm-preforacion-precision.png",,,,,,,,,0,,"Temperatura hasta 280°C","Este manguito protector de silicona está diseñado para soportar temperaturas de hasta 280°C\, lo que lo hace adecuado para su uso con bloques calefactores de aluminio V6 que operan a altas temperaturas durante la impresión 3D.",1,0,Material,"Fabricado en silicona de alta calidad\, este manguito protector proporciona una excelente resistencia al calor y aislamiento térmico\, protegiendo el bloque calefactor y otros componentes cercanos de posibles daños por calor durante el proceso de impresión.",1,0,"Tamaño detallado del producto","Con dimensiones de 26 x 19 x 14 mm\, este manguito protector tiene un tamaño compacto que se adapta perfectamente al bloque calefactor de aluminio V6\, garantizando un ajuste preciso y una cobertura completa para una protección efectiva.",1,0,,,,,0,,default,default,default,default,default,28,1,,419,,set,90,,,,,,,,,
2093,"simple, downloadable",,,"Servicio de Impresión 3D",1,0,visible,,,,,taxable,,1,,,0,0,,,,,0,,,1,"Sin categoría",,,,-1,-1,,,,,,,0,,,,,,,,,,,,,,,,,,0,,default,default,default,default,default,,0,,26,,set,90,,,,,,,,,
2467,simple,,,"Taza filtrante para resina UV con embudo de silicona compatible con impresoras 3D SLA/LCD",1,0,visible,"Embudo de silicona plegable para resina UV, ideal para verter la resina nuevamente en la botella de forma segura y sin derrames. Compatible con botellas desde 15 mm de cuello y con filtros de resina para evitar contaminación por restos curados. Flexible, fácil de limpiar y práctico para cualquier estación de impresión 3D SLA/LCD.","Características\n<ul>\n 	<li>\n<p data-start=""277"" data-end=""492"">Embudo de silicona diseñado para verter la resina nuevamente en la botella de forma segura y limpia. Compatible con botellas a partir de 15 mm de diámetro de cuello y totalmente adaptable a nuestro filtro de resina.</p>\n<p data-start=""494"" data-end=""683"">Se recomienda siempre utilizar un filtro al devolver la resina al envase, ya que restos de impresiones fallidas, soportes rotos o partículas de resina curada pueden contaminar el contenido.</p>\n<p data-start=""685"" data-end=""790"">Fabricado en silicona flexible con refuerzo metálico, es resistente, reutilizable y muy fácil de limpiar.</p>\n<p data-start=""792"" data-end=""845""><strong data-start=""792"" data-end=""805"">Material:</strong> Silicona + metal<br data-start=""822"" data-end=""825"" /><strong data-start=""825"" data-end=""834"">Tipo:</strong> Plegable</p>\n</li>\n</ul>\nEspecificaciones:\n<ul>\n 	<li data-start=""642"" data-end=""669"">\n<p data-start=""644"" data-end=""669""><strong data-start=""644"" data-end=""661"">Altura total:</strong> 70 mm</p>\n</li>\n 	<li data-start=""670"" data-end=""711"">\n<p data-start=""672"" data-end=""711""><strong data-start=""672"" data-end=""703"">Diámetro superior (salida):</strong> 20 mm</p>\n</li>\n 	<li data-start=""712"" data-end=""746"">\n<p data-start=""714"" data-end=""746""><strong data-start=""714"" data-end=""738"">Diámetro de la base:</strong> 78 mm</p>\n</li>\n 	<li data-start=""747"" data-end=""802"">\n<p data-start=""749"" data-end=""802""><strong data-start=""749"" data-end=""762"">Material:</strong> Silicona flexible + refuerzo metálico</p>\n</li>\n 	<li data-start=""803"" data-end=""825"">\n<p data-start=""805"" data-end=""825""><strong data-start=""805"" data-end=""814"">Tipo:</strong> Plegable</p>\n</li>\n 	<li data-start=""826"" data-end=""893"">\n<p data-start=""828"" data-end=""893""><strong data-start=""828"" data-end=""847"">Compatibilidad:</strong> Botellas con cuello desde 15 mm de diámetro</p>\n</li>\n 	<li data-start=""894"" data-end=""949"">\n<p data-start=""896"" data-end=""949""><strong data-start=""896"" data-end=""916"">Uso recomendado:</strong> Impresoras 3D SLA / LCD / MSLA</p>\n</li>\n</ul>",,,taxable,,1,,,0,0,,,,,0,,,15000,Resinas,Resina,,"https://cesgar.com.co/wp-content/uploads/2026/02/imagen_2026-02-17_155107099.png, https://cesgar.com.co/wp-content/uploads/2026/02/imagen_2026-02-17_154847186.png, https://cesgar.com.co/wp-content/uploads/2026/02/imagen_2026-02-17_154922739.png, https://cesgar.com.co/wp-content/uploads/2026/02/imagen_2026-02-17_155017024.png, https://cesgar.com.co/wp-content/uploads/2026/02/imagen_2026-02-17_155107099.png, https://cesgar.com.co/wp-content/uploads/2026/02/imagen_2026-02-17_155135204.png",,,,,,,,,0,,,,,,,,,,,,,,,,,,0,,default,default,default,default,default,30,1,,433,,set,90,,,,,,,,,
2473,simple,,,"Acople de abrazadera 5x8 mm para motor paso a paso y varilla T8",1,0,visible,"Acoplamiento rígido 5x8 mm D20L25 para conectar motor NEMA 17 con tornillo T8 en impresoras 3D como Ender 3 y Ender 5. Ofrece sujeción firme, transmisión directa y alta precisión en el eje Z cuando existe correcta alineación.","Características\n<ul>\n 	<li>\n<p data-start=""550"" data-end=""760"">Acoplamiento metálico diseñado para unir de forma firme y sin holguras un eje de 5 mm (común en motores paso a paso NEMA 17) con un eje o varilla de 8 mm, típicamente utilizado en el eje Z de impresoras 3D FDM.</p>\n<p data-start=""762"" data-end=""943"">Su sistema de sujeción tipo abrazadera distribuye la presión de manera uniforme, mejorando la alineación y reduciendo vibraciones en comparación con acoples con tornillo prisionero.</p>\n</li>\n</ul>\nEspecificaciones:\n<ul>\n 	<li data-start=""976"" data-end=""1014"">\n<p data-start=""978"" data-end=""1014""><strong data-start=""978"" data-end=""1007"">Diámetro interior lado 1:</strong> 5 mm</p>\n</li>\n 	<li data-start=""1015"" data-end=""1053"">\n<p data-start=""1017"" data-end=""1053""><strong data-start=""1017"" data-end=""1046"">Diámetro interior lado 2:</strong> 8 mm</p>\n</li>\n 	<li data-start=""1054"" data-end=""1102"">\n<p data-start=""1056"" data-end=""1102""><strong data-start=""1056"" data-end=""1065"">Tipo:</strong> Rígido (sin compensación flexible)</p>\n</li>\n 	<li data-start=""1103"" data-end=""1156"">\n<p data-start=""1105"" data-end=""1156""><strong data-start=""1105"" data-end=""1129"">Sistema de fijación:</strong> Abrazadera con tornillos</p>\n</li>\n 	<li data-start=""1157"" data-end=""1206"">\n<p data-start=""1159"" data-end=""1206""><strong data-start=""1159"" data-end=""1172"">Material:</strong> Aleación de aluminio mecanizado</p>\n</li>\n 	<li data-start=""1207"" data-end=""1277"">\n<p data-start=""1209"" data-end=""1277""><strong data-start=""1209"" data-end=""1224"">Aplicación:</strong> Transmisión directa en eje Z u otros ejes lineales</p>\n</li>\n 	<li data-start=""1278"" data-end=""1352"">\n<p data-start=""1280"" data-end=""1352""><strong data-start=""1280"" data-end=""1299"">Compatibilidad:</strong> Motores NEMA 17 (eje 5 mm) y varillas/ejes de 8 mm</p>\n</li>\n</ul>",,,taxable,,1,,,0,0,,,,,0,,,18000,"Repuestos para impresoras 3D","3D, Acople, Impresora",,"https://cesgar.com.co/wp-content/uploads/2026/02/imagen_2026-02-17_160401613.png, https://cesgar.com.co/wp-content/uploads/2026/02/imagen_2026-02-17_160457663.png, https://cesgar.com.co/wp-content/uploads/2026/02/imagen_2026-02-17_160528683.png, https://cesgar.com.co/wp-content/uploads/2026/02/imagen_2026-02-17_160547225.png",,,,,,,,,0,,,,,,,,,,,,,,,,,,0,,default,default,default,default,default,27,1,,427,,set,90,,,,,,,,,
2478,simple,,,"Rodamiento rígido 608ZZ ABEC-7 8x22x7 mm – Pack 10 unidades para impresora 3D",1,0,visible,"Rodamiento 608ZZ ABEC-7 de acero alto carbono con doble escudo metálico. Medidas 8x22x7 mm. Ideal para ejes y sistemas de poleas en impresoras 3D FDM. Pack de 10 unidades de alta precisión y bajo desgaste.","Características\n<ul>\n 	<li>\n<p data-start=""331"" data-end=""564"">Rodamiento 608ZZ de una sola fila con doble escudo metálico, fabricado en acero alto carbono. Diseñado para aplicaciones de movimiento lineal y rotativo en impresoras 3D FDM, especialmente en ejes X, Y y sistemas con poleas o ruedas.</p>\n<p data-start=""566"" data-end=""696"">Su clasificación ABEC-7 garantiza alta precisión de giro, menor vibración y mejor estabilidad en movimientos a altas revoluciones.</p>\n</li>\n</ul>\nEspecificaciones:\n<ul>\n 	<li data-start=""731"" data-end=""752"">\n<p data-start=""733"" data-end=""752""><strong data-start=""733"" data-end=""744"">Modelo:</strong> 608ZZ</p>\n</li>\n 	<li data-start=""753"" data-end=""793"">\n<p data-start=""755"" data-end=""793""><strong data-start=""755"" data-end=""764"">Tipo:</strong> Rodamiento rígido de bolas</p>\n</li>\n 	<li data-start=""794"" data-end=""829"">\n<p data-start=""796"" data-end=""829""><strong data-start=""796"" data-end=""813"">Construcción:</strong> Una sola fila</p>\n</li>\n 	<li data-start=""830"" data-end=""861"">\n<p data-start=""832"" data-end=""861""><strong data-start=""832"" data-end=""854"">Diámetro interior:</strong> 8 mm</p>\n</li>\n 	<li data-start=""862"" data-end=""894"">\n<p data-start=""864"" data-end=""894""><strong data-start=""864"" data-end=""886"">Diámetro exterior:</strong> 22 mm</p>\n</li>\n 	<li data-start=""895"" data-end=""914"">\n<p data-start=""897"" data-end=""914""><strong data-start=""897"" data-end=""907"">Ancho:</strong> 7 mm</p>\n</li>\n 	<li data-start=""915"" data-end=""940"">\n<p data-start=""917"" data-end=""940""><strong data-start=""917"" data-end=""931"">Precisión:</strong> ABEC-7</p>\n</li>\n 	<li data-start=""941"" data-end=""987"">\n<p data-start=""943"" data-end=""987""><strong data-start=""943"" data-end=""958"">Protección:</strong> Doble escudo metálico (ZZ)</p>\n</li>\n 	<li data-start=""988"" data-end=""1024"">\n<p data-start=""990"" data-end=""1024""><strong data-start=""990"" data-end=""1003"">Material:</strong> Acero alto carbono</p>\n</li>\n 	<li data-start=""1025"" data-end=""1054"">\n<p data-start=""1027"" data-end=""1054""><strong data-start=""1027"" data-end=""1040"">Cantidad:</strong> 10 unidades</p>\n</li>\n</ul>\n&nbsp;",,,taxable,,1,,,0,0,,,,,0,,,25000,"Repuestos para impresoras 3D","3D, 608ZZ, Impresora, rodamiento acero carbono",,"https://cesgar.com.co/wp-content/uploads/2026/02/imagen_2026-02-17_161749847.png, https://cesgar.com.co/wp-content/uploads/2026/02/imagen_2026-02-17_161812678.png, https://cesgar.com.co/wp-content/uploads/2026/02/imagen_2026-02-17_161833215.png, https://cesgar.com.co/wp-content/uploads/2026/02/imagen_2026-02-17_161858606.png",,,,,,,,,0,,,,,,,,,,,,,,,,,,0,,default,default,default,default,default,27,1,,431,,set,90,,,,,,,,,
2483,simple,,,"Calentador de cartucho 12V 40W 6x20mm – Pack 10 unidades para hotend impresora 3D",1,0,visible,"Cartucho calefactor 12V 40W de 6x20 mm para hotend de impresoras 3D FDM. Ofrece calentamiento rápido y estable, compatible con bloques estándar tipo MK8/MK10/E3D. Pack de 10 unidades ideal para mantenimiento y repuestos.","Características:\n<ul>\n 	<li data-start=""328"" data-end=""568"">Cartucho calefactor diseñado para bloques calentadores de hotend en impresoras 3D FDM. Proporciona calentamiento rápido, estable y uniforme para la fusión de filamentos como PLA, ABS, PETG y otros materiales compatibles con sistemas de 12V.</li>\n</ul>\n<p data-start=""570"" data-end=""705"">            Fabricado en acero inoxidable con resistencia interna de alto rendimiento, garantiza              transferencia térmica eficiente y larga vida útil.</p>\n<p data-start=""570"" data-end=""705"">Detalles:</p>\n\n<ul>\n 	<li data-start=""740"" data-end=""773"">\n<p data-start=""742"" data-end=""773""><strong data-start=""742"" data-end=""751"">Tipo:</strong> Cartucho calefactor</p>\n</li>\n 	<li data-start=""774"" data-end=""794"">\n<p data-start=""776"" data-end=""794""><strong data-start=""776"" data-end=""788"">Voltaje:</strong> 12V</p>\n</li>\n 	<li data-start=""795"" data-end=""816"">\n<p data-start=""797"" data-end=""816""><strong data-start=""797"" data-end=""810"">Potencia:</strong> 40W</p>\n</li>\n 	<li data-start=""817"" data-end=""872"">\n<p data-start=""819"" data-end=""872""><strong data-start=""819"" data-end=""835"">Dimensiones:</strong> 6 mm (diámetro) x 20 mm (longitud)</p>\n</li>\n 	<li data-start=""873"" data-end=""916"">\n<p data-start=""875"" data-end=""916""><strong data-start=""875"" data-end=""897"">Material exterior:</strong> Acero inoxidable</p>\n</li>\n 	<li data-start=""917"" data-end=""967"">\n<p data-start=""919"" data-end=""967""><strong data-start=""919"" data-end=""941"">Longitud de cable:</strong> Aproximadamente 1 metro</p>\n</li>\n 	<li data-start=""968"" data-end=""997"">\n<p data-start=""970"" data-end=""997""><strong data-start=""970"" data-end=""983"">Cantidad:</strong> 10 unidades</p>\n</li>\n 	<li data-start=""998"" data-end=""1076"">\n<p data-start=""1000"" data-end=""1076""><strong data-start=""1000"" data-end=""1019"">Compatibilidad:</strong> Hotends tipo MK8, MK10, E3D y similares (bloques 6 mm)</p>\n</li>\n</ul>\n<h3 data-start=""1621"" data-end=""1647""></h3>\n<p data-start=""1649"" data-end=""1855"">Verificar que la impresora opere a 12V antes de la instalación. Asegurar correcta fijación con tornillo prisionero en el bloque calefactor y evitar encender el sistema sin termistor correctamente instalado.</p>\n<p data-start=""570"" data-end=""705""></p>",,,taxable,,1,,,0,0,,,,,0,,,35000,"Repuestos para impresoras 3D",,,"https://cesgar.com.co/wp-content/uploads/2024/04/resistencia-calefactora-12v.webp, https://cesgar.com.co/wp-content/uploads/2024/04/resistencia-calefactora-12v.png",,,,,,,,,0,,"Voltaje de entrada","12VDC\, adecuado para sistemas de alimentación de 12 voltios comúnmente utilizados en impresoras 3D.",1,0,Diámetro,"Aproximadamente 2m\, permitiendo una conexión conveniente a la fuente de alimentación de la impresora.",1,0,"Consumo de corriente",": La resistencia mantiene la temperatura constante con un consumo de corriente inicial de aproximadamente 600mA y luego se estabiliza en alrededor de 350mA una vez que alcanza la temperatura máxima.",1,0,,,,,0,,default,default,default,default,default,27,1,,1057,,set,90,,,,,,,,,
2488,simple,,,"Correa sincrónica 2GT 9mm x 6m – Para impresora 3D Ender 3 / CR-10 (copia)",1,0,visible,"Correa sincrónica 2GT de 9 mm x 6 m, resistente al desgaste y compatible con poleas GT2. Ideal para ejes X/Y en impresoras 3D como Ender 3 y CR-10. Ofrece transmisión precisa y movimiento estable en sistemas FDM.","Características:\n<ul>\n 	<li data-start=""328"" data-end=""568"">\n<p data-start=""327"" data-end=""569"">Correa sincrónica tipo 2GT de 9 mm de ancho y 6 metros de longitud, diseñada para sistemas de movimiento en impresoras 3D FDM. Fabricada bajo estándar Gates y distribuida por Trianglelab, ofrece alta precisión de paso y excelente durabilidad.</p>\n<p data-start=""571"" data-end=""704"">Ideal para ejes X e Y en impresoras como Ender 3 y CR-10, proporcionando transmisión estable, menor vibración y movimientos precisos.</p>\n</li>\n</ul>\n<p data-start=""570"" data-end=""705"">Detalles:</p>\n\n<ul>\n 	<li style=""list-style-type: none;"">\n<ul>\n 	<li data-start=""739"" data-end=""780"">\n<p data-start=""741"" data-end=""780""><strong data-start=""741"" data-end=""750"">Tipo:</strong> Correa sincrónica GT2 (2GT)</p>\n</li>\n 	<li data-start=""781"" data-end=""799"">\n<p data-start=""783"" data-end=""799""><strong data-start=""783"" data-end=""792"">Paso:</strong> 2 mm</p>\n</li>\n 	<li data-start=""800"" data-end=""819"">\n<p data-start=""802"" data-end=""819""><strong data-start=""802"" data-end=""812"">Ancho:</strong> 9 mm</p>\n</li>\n 	<li data-start=""820"" data-end=""846"">\n<p data-start=""822"" data-end=""846""><strong data-start=""822"" data-end=""835"">Longitud:</strong> 6 metros</p>\n</li>\n 	<li data-start=""847"" data-end=""891"">\n<p data-start=""849"" data-end=""891""><strong data-start=""849"" data-end=""862"">Material:</strong> Caucho reforzado con fibra</p>\n</li>\n 	<li data-start=""892"" data-end=""912"">\n<p data-start=""894"" data-end=""912""><strong data-start=""894"" data-end=""904"">Color:</strong> Negro</p>\n</li>\n 	<li data-start=""913"" data-end=""955"">\n<p data-start=""915"" data-end=""955""><strong data-start=""915"" data-end=""934"">Compatibilidad:</strong> Poleas GT2 de 2 mm</p>\n</li>\n 	<li data-start=""956"" data-end=""1007"">\n<p data-start=""958"" data-end=""1007""><strong data-start=""958"" data-end=""973"">Aplicación:</strong> Ejes X y Y en impresoras 3D FDM</p>\n</li>\n</ul>\n</li>\n</ul>\n<h3 data-start=""1621"" data-end=""1647""></h3>\n<p data-start=""1649"" data-end=""1855"">Mantener tensión adecuada para evitar saltos de diente o vibraciones. No sobre-tensionar, ya que puede generar desgaste prematuro en rodamientos y motores.</p>\n<p data-start=""570"" data-end=""705""></p>",,,taxable,,1,,,0,0,,,,,0,,,150000,"Repuestos para impresoras 3D","accesorio FDM, correa impresora 3D",,"https://cesgar.com.co/wp-content/uploads/2026/02/imagen_2026-02-17_164611861.png, https://cesgar.com.co/wp-content/uploads/2026/02/imagen_2026-02-17_164520145.png, https://cesgar.com.co/wp-content/uploads/2026/02/imagen_2026-02-17_164547457.png",,,,,,,,,0,,,,,,,,,,,,,,,,,,0,,default,default,default,default,default,27,1,,1061,,set,90,,,,,,,,,
2489,simple,,,"Kit de embudo con filtro para resina UV – Taza de acero inoxidable + palas de limpieza para impresora 3D",1,0,visible,"Kit de filtrado para resina UV con taza de acero inoxidable y herramientas de limpieza. Permite filtrar residuos y reutilizar la resina de forma segura en impresoras 3D SLA/LCD. Ideal para mantenimiento y postprocesado.","Características:\n<ul>\n 	<li data-start=""328"" data-end=""568"">\n<p data-start=""370"" data-end=""619"">Conjunto diseñado para el manejo seguro y reutilización de resina UV en impresoras 3D de fotopolímero. Incluye taza de acero inoxidable con filtro integrado y herramientas tipo pala para limpieza de residuos sólidos y restos de impresiones fallidas.</p>\n<p data-start=""621"" data-end=""790"">Permite filtrar partículas curadas, soportes rotos y sedimentos antes de devolver la resina a la botella, evitando contaminación y prolongando la vida útil del material.</p>\n</li>\n</ul>\n<p data-start=""570"" data-end=""705"">Detalles:</p>\n\n<ul>\n 	<li data-start=""817"" data-end=""854"">\n<p data-start=""819"" data-end=""854"">1 taza/embudo de acero inoxidable</p>\n</li>\n 	<li data-start=""855"" data-end=""889"">\n<p data-start=""857"" data-end=""889"">1 filtro metálico reutilizable</p>\n</li>\n 	<li data-start=""890"" data-end=""949"">\n<p data-start=""892"" data-end=""949"">Herramientas tipo pala/espátula para limpieza de resina</p>\n</li>\n</ul>\n<ul>\n 	<li data-start=""984"" data-end=""1045"">\n<p data-start=""986"" data-end=""1045""><strong data-start=""986"" data-end=""1004"">Material taza:</strong> Acero inoxidable resistente a químicos</p>\n</li>\n 	<li data-start=""1046"" data-end=""1107"">\n<p data-start=""1048"" data-end=""1107""><strong data-start=""1048"" data-end=""1074"">Material herramientas:</strong> Plástico/metal (según versión)</p>\n</li>\n 	<li data-start=""1108"" data-end=""1160"">\n<p data-start=""1110"" data-end=""1160""><strong data-start=""1110"" data-end=""1129"">Compatibilidad:</strong> Resinas UV estándar (405 nm)</p>\n</li>\n 	<li data-start=""1161"" data-end=""1202"">\n<p data-start=""1163"" data-end=""1202""><strong data-start=""1163"" data-end=""1171"">Uso:</strong> Impresoras 3D SLA, LCD, MSLA</p>\n</li>\n 	<li data-start=""1203"" data-end=""1227"">\n<p data-start=""1205"" data-end=""1227""><strong data-start=""1205"" data-end=""1222"">Reutilizable:</strong> Sí</p>\n</li>\n 	<li data-start=""1228"" data-end=""1254"">\n<p data-start=""1230"" data-end=""1254""><strong data-start=""1230"" data-end=""1249"">Fácil limpieza:</strong> Si</p>\n</li>\n</ul>\n<h3 data-start=""1621"" data-end=""1647""></h3>\n<p data-start=""1649"" data-end=""1855"">Utilizar siempre el filtro antes de devolver la resina a la botella. Limpiar las herramientas con alcohol isopropílico después de cada uso y evitar exposición prolongada a luz UV directa.</p>\n<p data-start=""570"" data-end=""705""></p>",,,taxable,,1,,,0,0,,,,,0,,,20000,Resinas,"accesorio LCD, accesorio SLA, kit filtro resina, reutilización resina",,"https://cesgar.com.co/wp-content/uploads/2026/02/imagen_2026-02-17_155107099.png, https://cesgar.com.co/wp-content/uploads/2026/02/imagen_2026-02-17_165953234.png, https://cesgar.com.co/wp-content/uploads/2026/02/imagen_2026-02-17_170015043.png, https://cesgar.com.co/wp-content/uploads/2026/02/imagen_2026-02-17_155017024.png",,,,,,,,,0,,,,,,,,,,,,,,,,,,0,,default,default,default,default,default,30,1,,1058,,set,90,,,,,,,,,
2492,simple,,,"Polea de distribución GT2 19T 5mm para correa 10mm – Pack 5 unidades impresora 3D",1,0,visible,"Polea GT2 de 19 dientes con bore de 5 mm para correa de 10 mm. Fabricada en aluminio CNC, compatible con motores NEMA 17 en impresoras 3D FDM. Pack de 5 unidades ideal para reemplazo o mejora del sistema de transmisión.","Características:\n<ul>\n 	<li data-start=""328"" data-end=""568"">\n<p data-start=""314"" data-end=""512"">Polea de distribución tipo GT2 diseñada para sistemas de transmisión por correa en impresoras 3D FDM. Cuenta con 19 dientes y diámetro interno (bore) de 5 mm, compatible con ejes de motores NEMA 17.</p>\n<p data-start=""514"" data-end=""656"">Optimizada para correas GT2 de 10 mm de ancho, proporcionando transmisión estable, buena tracción y reducción de deslizamientos en ejes X y Y.</p>\n</li>\n</ul>\n<p data-start=""570"" data-end=""705"">Detalles:</p>\n\n<ul>\n 	<li data-start=""691"" data-end=""725"">\n<p data-start=""693"" data-end=""725""><strong data-start=""693"" data-end=""702"">Tipo:</strong> Polea sincrónica GT2</p>\n</li>\n 	<li data-start=""726"" data-end=""756"">\n<p data-start=""728"" data-end=""756""><strong data-start=""728"" data-end=""750"">Número de dientes:</strong> 19T</p>\n</li>\n 	<li data-start=""757"" data-end=""775"">\n<p data-start=""759"" data-end=""775""><strong data-start=""759"" data-end=""768"">Paso:</strong> 2 mm</p>\n</li>\n 	<li data-start=""776"" data-end=""813"">\n<p data-start=""778"" data-end=""813""><strong data-start=""778"" data-end=""806"">Diámetro interno (bore):</strong> 5 mm</p>\n</li>\n 	<li data-start=""814"" data-end=""855"">\n<p data-start=""816"" data-end=""855""><strong data-start=""816"" data-end=""847"">Ancho compatible de correa:</strong> 10 mm</p>\n</li>\n 	<li data-start=""856"" data-end=""897"">\n<p data-start=""858"" data-end=""897""><strong data-start=""858"" data-end=""871"">Material:</strong> Aluminio mecanizado CNC</p>\n</li>\n 	<li data-start=""898"" data-end=""948"">\n<p data-start=""900"" data-end=""948""><strong data-start=""900"" data-end=""924"">Sistema de fijación:</strong> Tornillos prisioneros</p>\n</li>\n 	<li data-start=""949"" data-end=""977"">\n<p data-start=""951"" data-end=""977""><strong data-start=""951"" data-end=""964"">Cantidad:</strong> 5 unidades</p>\n</li>\n</ul>\n<h3 data-start=""1621"" data-end=""1647""></h3>\n<p data-start=""1649"" data-end=""1855"">Verificar alineación con la correa antes de ajustar los tornillos prisioneros. Asegurar correcta tensión de la correa para evitar vibraciones o desgaste prematuro.</p>\n<p data-start=""570"" data-end=""705""></p>",,,taxable,,1,,,0,0,,,,,0,,,35000,"Repuestos para impresoras 3D","polea 5mm, polea GT2",,"https://cesgar.com.co/wp-content/uploads/2026/02/imagen_2026-02-17_170856892.png, https://cesgar.com.co/wp-content/uploads/2026/02/imagen_2026-02-17_170936582.png",,,,,,,,,0,,,,,,,,,,,,,,,,,,0,,default,default,default,default,default,27,1,,1058,,set,90,,,,,,,,,
2495,simple,,,"Fresa CNC 3.175mm recubrimiento nano azul titanio – Para grabado y corte en 3018 / 1610 / TTC450",1,0,visible,"Fresa CNC de 3.175 mm con recubrimiento nano azul de titanio, ideal para grabado y corte en máquinas 3018, 1610 y TTC450. Ofrece mayor resistencia al desgaste y acabado preciso en madera, acrílico y plásticos.","Características:\n<ul>\n 	<li data-start=""328"" data-end=""568"">\n<p data-start=""344"" data-end=""572"">Herramienta de corte tipo end mill para máquinas CNC de escritorio como 3018, 1610 y TTC450. Fabricada en acero de alta dureza con recubrimiento nano azul de titanio que mejora la resistencia al desgaste y la disipación térmica.</p>\n<p data-start=""574"" data-end=""719"">Diseñada para trabajos de grabado, fresado y corte fino en materiales utilizados en proyectos de impresión 3D, fabricación digital y prototipado.</p>\n</li>\n</ul>\n<p data-start=""570"" data-end=""705"">Detalles:</p>\n\n<ul>\n 	<li data-start=""754"" data-end=""788"">\n<p data-start=""756"" data-end=""788""><strong data-start=""756"" data-end=""765"">Tipo:</strong> Fresa / End Mill CNC</p>\n</li>\n 	<li data-start=""789"" data-end=""834"">\n<p data-start=""791"" data-end=""834""><strong data-start=""791"" data-end=""816"">Diámetro del vástago:</strong> 3.175 mm (1/8”)</p>\n</li>\n 	<li data-start=""835"" data-end=""877"">\n<p data-start=""837"" data-end=""877""><strong data-start=""837"" data-end=""855"">Recubrimiento:</strong> Nano azul (titanio)</p>\n</li>\n 	<li data-start=""878"" data-end=""945"">\n<p data-start=""880"" data-end=""945""><strong data-start=""880"" data-end=""893"">Material:</strong> Acero de alta velocidad / carburo (según versión)</p>\n</li>\n 	<li data-start=""946"" data-end=""1004"">\n<p data-start=""948"" data-end=""1004""><strong data-start=""948"" data-end=""967"">Compatibilidad:</strong> CNC 3018, 1610, TTC450 y similares</p>\n</li>\n 	<li data-start=""1005"" data-end=""1061"">\n<p data-start=""1007"" data-end=""1061""><strong data-start=""1007"" data-end=""1022"">Aplicación:</strong> Grabado, fresado, corte de precisión</p>\n</li>\n</ul>\n<h3 data-start=""1621"" data-end=""1647""></h3>\n<p data-start=""1649"" data-end=""1855"">Ajustar correctamente velocidad de giro y avance según el material. Utilizar fijación firme de la pieza y evitar sobrecargas para prolongar la vida útil de la herramienta.</p>\n<p data-start=""570"" data-end=""705""></p>",,,taxable,,1,,,0,0,,,,,0,,,35000,"Repuestos para CNC","CNC 1610, CNC 3018, fresa CNC 3.175mm, fresa titanio",,"https://cesgar.com.co/wp-content/uploads/2026/02/imagen_2026-02-17_171943693.png, https://cesgar.com.co/wp-content/uploads/2026/02/imagen_2026-02-17_172013168.png, https://cesgar.com.co/wp-content/uploads/2026/02/imagen_2026-02-17_172032617.png",,,,,,,,,0,,,,,,,,,,,,,,,,,,0,,default,default,default,default,default,28,1,,1056,,set,90,,,,,,,,,
